workerid,anon_workerid
AV9UE5LJ0SW4R,0
AJTHGXBMZJ3HE,1
A3HIES6OMRCQE5,2
A3HWIDZ2MRAKTX,3
A2KW17G25L25R8,4
A2TZ7IH313CFE1,5
A1ZSST2YI0C11N,6
A24RQYIDMV7OPK,7
A1LFA1F3F0K87A,8
A2ZFTBJPSQX1GB,9
A270JQUOEF9BUD,10
A1Y66T7FKJ8PJA,11
AP9GRAU77J5G,12
A13VEEU1DPKKOU,13
A1TQCTUQUGRVFV,14
A1MHQSP1POQNXX,15
AZFHBOI9IHMK4,16
A1KHJ8MO94KGI6,17
A36BIJLWQX4IXM,18
A2N0TXGUDOHKKR,19
AOKJCDRWBS5MK,20
A3VWKJTBNBMXM,21
A1JB0P5R3HWM4A,22
A119KQJD75AM78,23
A3VWU0WEB2VD48,24
A3BV9JVUB0YXJN,25
AFRSASN33QBC3,26
A2ROVZCNSC9710,27
A2QAZEEJSRRQ3Y,28
AL2UL9VUA2UPV,29
A32EHTVM3HPZJ8,30
A654E8ZVRD6GM,31
A2V8IQ87DYKZCD,32
A8PJHNOLEDTZI,33
A1M8TSGL5LXB2,34
A1YGG7LBCMRPO1,35
A3P9TMATWBA1QP,36
A2P7LKVCMHI1C5,37
A1L1S0IAPZB4MO,38
A31BHRW6QKVBQ9,39
AR79I9MRWI7GM,40
A1SWGSFIMZJQE,41
A3ICCH2MY4ROUL,42
A1D6CUN4HL57KY,43
A2JSIDRTDGDC7T,44
A39Q5Z2B8IZ59C,45
AUH4U9QUU9NQ9,46
A3OH0ZDD2MMZFH,47
A1O80Q1PXPMJ11,48
AZE7YSINS9UNZ,49
A1TDMKZX48T1G2,50
A20MZTV1AZYV9Z,51
A3O9WZNVQSQC1S,52
A14CPWFT35LU12,53
A2VKACLXTMOQWO,54
A1ZWDUFNFILYJJ,55
A2Y7PB2U8USUC8,56
A424JCMTI6SZN,57
A2WDOE48F1QV1F,58
A3CRRFF9J9ZTRO,59
A7PSBREEW9GMY,60
A1REVWXDXCOADJ,61
A2ZSQLANLQ7OC6,62
A2UC4H3EHIMWGC,63
A3JC5R5HMP1XSA,64
A4TQSZDPARE7I,65
A2HITRHQ441VHA,66
A2HX13XTRKDD9C,67
A3D0QOV2FWXY6J,68
A20HST24WOFP10,69
A247ELKNN5MJFJ,70
A2UD2U99IJ6G4U,71
A3AB75C52RFN34,72
AIXTI8PKSX1D2,73
A2NMSGRGL9W6H3,74
ADTMSFXR25OIZ,75
APHNYDGTCRN3O,76
A2C4M53TUHPBEY,77
A270Q4QZHB5VN8,78
A3CBOZUTFR0NR7,79
A119XB4OETWU59,80
AVAYKAIM72C64,81
A10AY39RH8ZB7I,82
A24JKHC4HTY6CD,83
A39IP2P7OE9E4G,84
A2R8TU69NDUU4U,85
A2678XP8RKMI7P,86
A3GLT78I4NBP4Q,87
AHRS097U54B37,88
A19334QPYR2HHO,89
